0.,0.01,-1.9892067787519783e-15,-0.003299951071736494,0.03292799999989681,5.542040799582816e-15,-0.003299951071736494,0.032927999999955375
0.,0.1,5.247352914215346e-15,2.0249461208693416,5.4527999999943875,-3.676044486176385e-15,2.0249461208709647,5.45280000000253
0.,0.2,8.429843050563363e-15,9.532610335201209,22.29120000002169,2.0143408551537663e-14,9.53261033519161,22.29119999997805
0.,0.30000000000000004,-0.9966829658161471,-0.6918524991899702,-0.691176143057338,-2.8118895862500996e-14,24.177702952088413,50.51520000007803
0.,0.4,-0.9996071077423793,-0.9563672160697898,-0.9563531041945619,1.543438403646982e-14,47.957719519116644,90.12480000003544
0.,0.5,-0.9998661311134158,-1.1973355557465677,-1.197333306713733,7.295531895144407e-16,83.27256404861248,141.12000000006284
0.,0.6000000000000001,-0.9999370283976003,-1.4372686454005539,-1.4372679941723896,-1.1731377093500808e-17,132.99353447306183,203.50080000001847
0.,0.7000000000000001,-0.9999656829065698,-1.6770027408743573,-1.6770024952483844,-1.8749504338674404e-16,200.54304452709255,277.26720000059504
0.,0.8,-0.9999797569329165,-1.9166730138768884,-1.9166729075970963,2.475601661726273e-15,289.98664852279086,362.4191999990985
0.,0.9,-0.9999874912658153,-2.1563164272045015,-2.1563163775751804,1.2046410495503124e-16,406.1391537161398,458.95679999651543
0.,1.,-0.999992046209877,-2.395946328919237,-2.3959463047251788,2.755543892192977e-16,554.6868525494833,566.8799999996154
0.,1.1,-0.9999948498542656,-2.635568458021723,-2.635568445944495,-7.877010249629854e-17,644.9437211327539,644.9437211327539
0.,1.2000000000000002,-0.9999966258506255,-2.875185615762902,-2.875185609660914,-8.191409979202494e-17,711.0806603392238,711.0806603392236
0.,1.3,-0.9999977723469972,-3.114799325301931,-3.114799322203524,5.62481509590691e-17,775.5030206516897,775.5030206516893
0.,1.4000000000000001,-0.9999985217978121,-3.354410503216485,-3.3544105016420964,-1.3435106806971033e-16,838.7685436857614,838.7685436857615
0.,1.5,-0.9999990158040131,-3.594019755215953,-3.594019754417509,-1.7188871184329337e-16,901.7459802832494,901.7459802832494
0.,1.6,-0.9999993432467956,-3.8336275138283753,-3.8336275134246804,3.6412084418903515e-17,965.6655038503284,965.665503850328
0.,1.7000000000000002,-0.9999995610935867,-4.073234105369011,-4.0732341051658665,-6.43422582108376e-17,1032.216683684844,1032.216683684844
0.,1.8,-0.9999997063869036,-4.312839784214475,-4.31283978411269,-1.21640861495543e-16,1103.7226881687684,1103.7226881687682
0.,1.9000000000000001,-0.9999998034517892,-4.5524447517423425,-4.552444751691489,5.8749701585872e-18,1183.4452494505488,1183.4452494505488
0.,2.,-0.999999868369357,-4.79204916800677,-4.792049167981524,1.9110319838926013e-16,1276.1292717517892,1276.1292717517892
0.1,0.01,7.886495603246393e-15,-0.011350222164192299,0.014267504132247089,-9.959191761526266e-15,-0.011350222164192302,0.014267504132247387
0.1,0.1,-1.2939378088561871e-14,1.1441061602501177,3.5867504132281627,-3.1870896305136734e-15,1.1441061602510452,3.5867504132179873
0.1,0.2,-3.3737330163898214e-15,5.638695503342814,14.827001652868027,-1.1754727857107005e-14,5.638695503353713,14.827001652881648
0.1,0.30000000000000004,-0.7683923605974649,6.693366863913645,9.511580246942634,4.401367095748934e-14,14.494959735420991,33.72075371897895
0.1,0.4,-0.9054306810470191,-0.7968064578951504,-0.7508961271411787,-4.3599407328598885e-14,28.933566256536388,60.26800661159996
0.1,0.5,-0.9332646876221296,-1.076375438139717,-1.0400825944603862,2.391506933719222e-15,50.421093850416,94.46876033055175
0.1,0.6000000000000001,-0.9526121526686386,-1.3039608278369492,-1.2772977021898995,-1.158237165365567e-15,80.71218962325766,136.3230148761983
0.1,0.7000000000000001,-0.9671432739786084,-1.5427858941298709,-1.525237676379943,3.1177834986337703e-15,121.89828695979845,185.83077024745504
0.1,0.8,-0.9775865786668376,-1.7915136011102248,-1.780811050533547,-9.964956279401993e-16,176.46384176776823,242.99202644566068
0.1,0.9,-0.9848549216282393,-2.045923394197537,-2.039725152484909,2.3875966862333645e-15,247.35117762995566,307.8067834709332
0.1,1.,-0.9898182531424246,-2.3024123201841817,-2.298948967077319,-1.190158463487688e-15,338.0351817911305,380.2750413212818
0.1,1.1,-0.9931723632872417,-2.5586279820796847,-2.5567418309352377,1.6982325748683615e-16,452.60926550933186,460.39679999758505
0.1,1.2000000000000002,-0.9954267511683195,-2.813295707188317,-2.812288025505975,4.2662370570707885e-17,513.3160287023671,513.3160287023671
0.1,1.3,-0.9969380091580434,-3.0658775644019727,-3.065347196092187,9.524257728998104e-17,558.2069696269998,558.2069696269998
0.1,1.4000000000000001,-0.997949951090575,-3.316278168346514,-3.316002376568079,2.028242846819885e-16,601.6899338987924,601.6899338983173
0.1,1.5,-0.9986273007029008,-3.5646393212455507,-3.564497348291777,2.330123178278505e-16,644.2579464307084,644.2579464307083
0.1,1.6,-0.9990806903907513,-3.811210786485276,-3.811138328530724,2.741961024595208e-16,686.6106265326316,686.6106265326314
0.1,1.7000000000000002,-0.9993842201035902,-4.056274723030299,-4.056238019752513,-9.42953334776878e-17,729.6943281590585,729.6943281590585
0.1,1.8,-0.9995874669119682,-4.3001047519257725,-4.30008628302955,-1.7633243930279507e-16,774.7766183362024,774.7766183362023
0.1,1.9000000000000001,-0.9997235920846802,-4.542946196426726,-4.542936957926969,3.7049269916559244e-17,823.5762711462945,823.5762711462943
0.1,2.,-0.9998147794587248,-4.78500868201462,-4.785004085362942,2.772162865514374e-16,878.4890807336949,878.4890807336948
0.2,0.01,7.70274545237252e-15,-0.01625251119839699,0.0015680000000048502,1.9796678244276756e-15,-0.016252511198396703,0.0015679999999802102
0.2,0.1,-1.0780447663988573e-14,0.6077103010016618,2.316799999999386,-9.502595930392795e-15,0.6077103010016619,2.316799999999383
0.2,0.2,-5.564623503238969e-15,3.267459086477099,9.74719999998301,-9.15201096658947e-16,3.2674590864804056,9.747199999983007
0.2,0.30000000000000004,-8.111490333592915e-15,8.598561297879662,22.29120000001547,-2.2783799049607142e-14,8.598561297874129,22.291199999933838
0.2,0.4,-0.6338482755565581,9.877243753020812,14.921904915276821,1.0069783054708368e-14,17.348627457294832,39.94880000001267
0.2,0.5,-0.8392790372178005,-0.6571672332704299,-0.5276358173771096,-1.630001214134435e-14,30.415879087018418,62.72000000007917
0.2,0.6000000000000001,-0.8938718540382982,-1.1501440520838369,-1.0785218844245397,5.237070211440214e-15,48.87496816738719,90.60479999987544
0.2,0.7000000000000001,-0.927825614973259,-1.3942860298955537,-1.3486276136534623,2.7029437619450066e-15,74.00681496008151,123.60319999973476
0.2,0.8,-0.9516971915477178,-1.6541437387647697,-1.627216317834959,4.561402152858444e-15,107.33305048245212,161.71519999954623
0.2,0.9,-0.9679297202072726,-1.9264211228316768,-1.9113238848884588,-2.5416011831722305e-15,150.65573160072714,204.9407999997277
0.2,1.,-0.9787505652452559,-2.202738268560047,-2.194530510212271,-1.4810212774643892e-15,206.10308937010802,253.27999999998246
0.2,1.1,-0.9859107181242791,-2.4778148673174414,-2.4734404064445528,-6.98780485253591e-16,276.18217634753603,306.732799999538
0.2,1.2000000000000002,-0.9906427512524248,-2.749072264738828,-2.7467732041818707,-6.593434450631472e-17,363.8393977568504,365.2992000009732
0.2,1.3,-0.9937741873916969,-3.0155975463620592,-3.014402149092721,-1.268892204535901e-16,397.62540777170466,397.6254077717044
0.2,1.4000000000000001,-0.9958508339860117,-3.277379303001851,-3.2767632277383854,-2.2904350081788747e-17,427.463166834968,427.46316683496804
0.2,1.5,-0.997230985785522,-3.534841280047658,-3.5345261897769227,3.469395223364058e-17,456.26513937168687,456.26513937168687
0.2,1.6,-0.9981500134413495,-3.7885784656529324,-3.788418408326912,6.641223166144581e-17,484.44043061351636,484.44043061351636
0.2,1.7000000000000002,-0.9987629598791317,-4.039215555706278,-4.039134752667714,-1.2959476603778885e-16,512.537082925044,512.537082925044
0.2,1.8,-0.9991722828161581,-4.287336243512385,-4.287295682044423,-7.116503030862136e-17,541.2744303236384,541.2744303236383
0.2,1.9000000000000001,-0.999445894568584,-4.533452486564585,-4.533432231902829,8.80206944036654e-17,571.6008751438335,571.6008751438333
0.2,2.,-0.9996289262226813,-4.777995704660356,-4.777985639229172,-2.997161015764407e-16,604.7932926077035,604.7932926077034
0.30000000000000004,0.01,5.094517687866396e-15,-0.019287907156360813,-0.007153420118353002,-7.945052581368716e-15,-0.019287907156355602,-0.007153420118369835
0.30000000000000004,0.1,-9.596147177236848e-15,0.27558508119431746,1.4446579881651274,6.107263994372758e-16,0.27558508119538444,1.4446579881674306
0.30000000000000004,0.2,-5.6722912561971275e-15,1.799238550120116,6.258631952665189,1.2511778216111067e-14,1.7992385501201138,6.2586319526589875
0.30000000000000004,0.30000000000000004,5.203512069387894e-15,4.947633362124804,14.441921893455488,2.7203265135393787e-15,4.9476333621318105,14.441921893474204
0.30000000000000004,0.4,1.381951632482876e-14,10.175473006500642,25.994527810694255,9.33028008726543e-16,10.175473006463728,25.994527810605028
0.30000000000000004,0.5,-0.45447742052807294,14.243648851378921,24.64287891762922,-2.043085948915524e-14,18.02906394652489,40.91644970412443
0.30000000000000004,0.6000000000000001,-0.791020341797125,-0.11795415494798256,0.19095909242065323,-3.837636836752611e-14,29.162019247952387,59.207687573866814
0.30000000000000004,0.7000000000000001,-0.8752378806736921,-1.1611256704970643,-1.0591155669003376,-2.3852544814014067e-14,44.35340621263253,80.86824142013766
0.30000000000000004,0.8,-0.824407910587835,-0.035070454294036324,-0.057902041959827066,-8.875287761606385e-15,64.5286946039182,105.898111242545
0.30000000000000004,0.9,-0.7460782303422798,-0.010906482013339769,-0.0807957730548603,8.733921454925581e-15,90.78391172589693,134.297297041449
0.30000000000000004,1.,-0.8015524063467692,-0.6908718015229951,-0.7078962318470277,7.2015291883434e-16,124.41346697740795,166.06579881673397
0.30000000000000004,1.1,-0.9780807440315701,-2.39178835852789,-2.3841453460116675,-7.197618279261377e-16,166.94217242549013,201.20361656803232
0.30000000000000004,1.2000000000000002,-0.9855859314854826,-2.6818114327806555,-2.677871706033841,3.3442637705618415e-16,220.16205840699388,239.71075029644672
0.30000000000000004,1.3,-0.9904769526476969,-2.9635812907717707,-2.9615609431626275,8.584519243729905e-17,278.0020081455457,278.0020081455454
0.30000000000000004,1.4000000000000001,-0.9936851212350671,-3.237514687518285,-3.2364836580135794,3.6786636243737675e-17,298.2442310213735,298.2442310213736
0.30000000000000004,1.5,-0.9958006529741685,-3.5045329662678313,-3.5040093349457457,3.9771118581465714e-16,317.5477984463783,317.5477984463783
0.30000000000000004,1.6,-0.9972015042969496,-3.7657070393360357,-3.7654423741770486,1.0921763786721777e-16,336.15432858062195,336.1543285806217
0.30000000000000004,1.7000000000000002,-0.9981320817447578,-4.022081444548036,-4.021948305445335,-1.8699281075166512e-16,354.3858452432087,354.3858452432082
0.30000000000000004,1.8,-0.9987517515947341,-4.274594943279936,-4.274528278699059,1.2071412665048357e-16,372.65847396308806,372.658473963088
0.30000000000000004,1.9000000000000001,-0.9991651314953813,-4.524052065740818,-4.524018835864389,-2.1541370346220186e-16,391.5083736597662,391.50837365976616
0.30000000000000004,2.,-0.9994412627933608,-4.771120915425001,-4.771104422966424,-2.7321456878577457e-16,411.6367443448492,411.6367443448492
0.4,0.01,-2.8668816827030897e-15,-0.02118247948820693,-0.013152000000012497,1.6350450530935533e-15,-0.021182479488205456,-0.013151999999994845
0.4,0.1,3.436048672092704e-15,0.06828584878160032,0.8447999999959168,-2.57893524292094e-15,0.06828584878159627,0.8447999999991715
0.4,0.2,-7.657825138655692e-15,0.8828342181097403,3.8591999999923114,-9.77523786793674e-16,0.8828342181124776,3.8591999999966746
0.4,0.30000000000000004,-6.02941563615586e-15,2.6688706740303676,9.043199999994133,4.217185169644956e-15,2.668870674032649,9.043200000000676
0.4,0.4,1.6621965284359317e-15,5.698277891659755,16.396800000009062,8.92922828707181e-15,5.698277891659794,16.396799999993537
0.4,0.5,-1.1672127081050729e-14,10.297711078656421,25.919999999967374,-2.476479179999494e-15,10.29771107864252,25.920000000000083
0.4,0.6000000000000001,-0.577767601972327,10.266568749478557,15.325763548942634,6.44292858921562e-15,16.857987708284014,37.61279999993461
0.4,0.7000000000000001,-0.7919780569871738,-0.004311047581079919,-0.011462559825776708,6.302432311739533e-14,25.84493860700104,51.475199999961504
0.4,0.8,-0.8174820877751429,0.24040506908703208,0.42798593314612576,-1.9726637103705448e-14,37.811933610182706,67.50720000003506
0.4,0.9,-0.9227075261164803,-1.586548094886016,-1.5274506914470862,8.863935193726825e-15,53.414324705134945,85.70879999986784
0.4,1.,-0.9515045691267409,-1.9539000418507797,-1.92623397326882,-2.8511620581748827e-15,73.42608327891014,106.08000000002929
0.4,1.1,-0.9689675826029569,-2.289152984544714,-2.2756803538962096,-2.1956063441020405e-15,98.75894630653212,128.62080000016175
0.4,1.2000000000000002,-0.9798770119666902,-2.605172808226925,-2.59849167245288,2.7817625495528058e-15,130.48442965061696,153.3312000000922
0.4,1.3,-0.9868289425155119,-2.906032545280013,-2.902690640098058,-8.520076841420937e-17,169.8591157443379,180.2111999992758
0.4,1.4000000000000001,-0.991321486351712,-3.1943269603913222,-3.1926494332180724,-5.562971020800801e-17,202.3598408810314,202.3598408810314
0.4,1.5,-0.9942541231857951,-3.472248607575821,-3.4714060852059063,-2.0634300661378653e-16,215.03664825019814,215.03664825019814
0.4,1.6,-0.996182540127538,-3.7417231799417294,-3.7413005681082794,4.1975564495524884e-16,227.09421059919262,227.09421059919276
0.4,1.7000000000000002,-0.9974573757200883,-4.004413708094745,-4.00420222820253,-6.569684783969688e-16,238.72100805176993,238.72100805176976
0.4,1.8,-0.998303410316008,-4.261723642163105,-4.26161813575127,-3.892384398152727e-16,250.15780191176802,250.15780191176802
0.4,1.9000000000000001,-0.9988664549379858,-4.514813255389754,-4.514760796947421,1.3535917047778904e-16,261.7089909304056,261.7089909304058
0.4,2.,-0.9992419308663273,-4.7646252351715646,-4.764599245009407,1.2265424614139724e-15,273.7629634426931,273.7629634426933
0.5,0.01,2.067263485110339e-15,-0.02236323390524169,-0.017248000000001252,7.91728264452925e-15,-0.02236323390524169,-0.017248000000001252
0.5,0.1,3.4102620165837526e-15,-0.06090926306738703,0.4352000000010781,2.895648315504269e-15,-0.06090926306739142,0.43519999999880155
0.5,0.2,-1.5759343006661342e-15,0.311703496618829,2.220800000001963,3.1664546007630635e-15,0.3117034966183785,2.220799999995897
0.5,0.30000000000000004,8.396730437303304e-15,1.2486772804513862,5.356799999997659,2.160152495590149e-15,1.2486772804543746,5.356799999997665
0.5,0.4,8.343489440249806e-16,2.907955337662406,9.843200000001772,-5.90759430284342e-15,2.9079553376624165,9.843200000001772
0.5,0.5,-9.34681418442158e-15,5.479299611871311,15.679999999970656,-2.7752084224931064e-15,5.479299611857782,15.67999999999349
0.5,0.6000000000000001,-2.152215365004282e-15,9.189745465183655,22.867200000043653,-7.510553533114528e-15,9.189745465174052,22.867200000021725
0.5,0.7000000000000001,0.8577845969190336,0.8130500834163641,1.091112434583378,-1.438064993241914e-14,14.30990533824928,31.40479999991995
0.5,0.8,0.7879258306759418,-0.004119024121262527,0.49128248753826265,9.373245069263254e-15,21.161245208362953,41.292799999968274
0.5,0.9,0.885167291318508,-1.1862645915333552,-1.0313088985810586,1.5043281016879643e-14,30.12447496145691,52.5311999998412
0.5,1.,0.9315869666467843,-1.7324007931242988,-1.6685401437206444,-8.237421563664444e-15,41.6492133737607,65.11999999982092
0.5,1.1,0.9399865613484938,-2.866182412096009,-2.867658423844542,1.1635272374743445e-14,56.265110597652395,79.05919999998233
0.5,1.2000000000000002,5.092113372469094e-15,74.59463622199422,94.34880000028345,9.824139239783472e-16,74.59463622163761,94.34879999983637
0.5,1.3,-0.9824701099685331,-2.8345797336866525,-2.827896332711763,1.7419327828082744e-15,97.36776950026177,110.98879999956205
0.5,1.4000000000000001,-0.9885368057272749,-3.1423611530885864,-3.1390686164522066,2.7089058693233416e-16,125.43886066880133,128.97920000019093
0.5,1.5,-0.9924494202929312,-3.4342763057426424,-3.432643447129653,-7.486703890784838e-16,139.90879131225256,139.90879131225256
0.5,1.6,-0.9950012460925449,-3.7140242200293443,-3.7132122158350427,9.909357360235276e-17,147.4765560717737,147.47655607177327
0.5,1.7000000000000002,-0.9966787288355926,-3.9843496893502106,-3.9839457600665966,1.843554878765728e-15,154.66315774480728,154.6631577448076
0.5,1.8,-0.9977876354339192,-4.247370456529012,-4.247169764189557,-6.281144148899719e-16,161.6050193092775,161.6050193092775
0.5,1.9000000000000001,-0.9985236146277806,-4.504745023280634,-4.504645521809508,6.086661964079554e-16,168.47202124927696,168.47202124927682
0.5,2.,-0.9990134789100397,-4.757776407527615,-4.757727207802503,-3.4152496997840096e-16,175.47637798414985,175.47637798414962
0.6000000000000001,0.01,-1.7587859895790517e-15,-0.023089136759323926,-0.01999200000000686,2.589333309672566e-15,-0.023089136759321106,-0.01999200000000103
0.6000000000000001,0.1,9.845397558217533e-15,-0.14033568660804946,0.16079999999993988,9.889343903631932e-16,-0.14033568660804674,0.16079999999955463
0.6000000000000001,0.2,-6.506765812689008e-15,-0.03941559707659381,1.123199999997457,-3.949663074155439e-15,-0.03941559707602538,1.1231999999974716
0.6000000000000001,0.30000000000000004,1.532615179203055e-15,0.3755724054032188,2.887199999994717,1.3976096627157802e-15,0.375572405406035,2.8871999999946993
0.6000000000000001,0.4,1.2726539562725699e-15,1.192524019734675,5.452800000005989,1.3025506810506564e-14,1.1925240197321778,5.452799999995001
0.6000000000000001,0.5,-4.932646489161079e-15,2.5170421047996596,8.820000000016655,-3.9318828714927005e-15,2.517042104799608,8.820000000016691
0.6000000000000001,0.6000000000000001,9.980828547117568e-15,4.475472243085033,12.98879999998357,-7.549196254870958e-15,4.475472243088062,12.988799999990936
0.6000000000000001,0.7000000000000001,1.8041708797038313e-14,7.218410738810181,17.959199999954574,-1.0990328323919392e-14,7.218410738816263,17.9591999999815
0.6000000000000001,0.8,0.7802022371148926,0.030771200036600277,0.27870586551554855,-4.278414629132403e-14,10.924753979633948,23.73119999999455
0.6000000000000001,0.9,-4.418086059808806e-14,15.806367693702192,30.304799999972982,-1.5169101215579029e-15,15.806367693679954,30.30479999997322
0.6000000000000001,1.,6.111380618387052,1.1959286894125398e-9,1.199182975142321e-9,-2.4291827501964506e-14,22.113465529058978,37.67999999999168
0.6000000000000001,1.1,5.860554582495141,-5.907622835366055e-9,-9.597158623364521e-10,-2.5058735344669413e-14,30.140798736770098,45.85679999998792
0.6000000000000001,1.2000000000000002,5.57303866975861,3.91565890822676e-9,3.898122713508201e-9,-3.962209566262574e-15,40.23477274932926,54.835200000035094
0.6000000000000001,1.3,5.3442559247970625,7.21996684660553e-9,7.228521781144082e-9,1.6068975491776028e-15,52.80162231904424,64.61519999987739
0.6000000000000001,1.4000000000000001,-0.985555262512966,-3.086445470217754,-3.0809945967890613,-1.6944197216984133e-15,68.31679487016952,75.19680000006055
0.6000000000000001,1.5,-0.9905336155847323,-3.3937009604493227,-3.3910176832854333,-5.115169217037737e-16,85.9926430223517,85.99264302235156
0.6000000000000001,1.6,-0.9937545131135959,-3.6845373444412104,-3.683209797309601,-9.29067958222634e-17,90.52164698042694,90.52164698042652
0.6000000000000001,1.7000000000000002,-0.9958602501122983,-3.9630121043904296,-3.962354087651441,-1.986947672304934e-15,94.75525530862134,94.75525530862134
0.6000000000000001,1.8,-0.9972469977480286,-4.232079190290449,-4.231753083431528,-3.361030346666151e-16,98.76714904614975,98.76714904614934
0.6000000000000001,1.9000000000000001,-0.9981649565161604,-4.493963141660629,-4.4938017517907625,1.4755333182257713e-16,102.64806521699956,102.6480652169997
0.6000000000000001,2.,-0.9987748189691584,-4.750366763126692,-4.750287064031724,-6.46083912000536e-16,106.50932659697372,106.50932659697372
0.7000000000000001,0.01,-4.2188547076904435e-15,-0.02352132972188311,-0.021762103806227215,-3.3175685190991156e-15,-0.02352132972188312,-0.021762103806227815
0.7000000000000001,0.1,-6.017102682194924e-15,-0.18762512913110763,-0.016210380622862508,3.8972063973829626e-15,-0.1876251291311043,-0.016210380622742215
0.7000000000000001,0.2,-2.9912212027710604e-15,-0.24846726351051518,0.4151584775085423,5.279539725948975e-15,-0.24846726351084503,0.4151584775098027
0.7000000000000001,0.30000000000000004,-1.8744279679710927e-15,-0.14426269436191053,1.2941065743969216,-3.985128849012632e-15,-0.14426269436273675,1.2941065743912668
0.7000000000000001,0.4,4.331060449427794e-15,0.17117889180744505,2.6206339100371268,6.818316224007508e-15,0.17117889180817292,2.620633910037081
0.7000000000000001,0.5,-3.651193842914171e-15,0.7533531474477877,4.3947404844246165,1.8193895042680442e-15,0.7533531474494393,4.3947404844386915
0.7000000000000001,0.6000000000000001,1.1540614925743214e-14,1.668656291460159,6.616426297581819,-6.6338215682115426e-15,1.668656291461994,6.616426297572685
0.7000000000000001,0.7000000000000001,7.41341239306759e-15,2.996228607028434,9.285691349471866,3.0584444305926357e-15,2.9962286070320436,9.28569134948011
0.7000000000000001,0.8,5.803512233601317e-14,4.830082433000315,12.402535640149821,-1.0533304860102358e-15,4.830082432993462,12.402535640135342
0.7000000000000001,0.9,6.453567209395784,6.01204419581336e-10,6.182716560942936e-10,4.3115147517335117e-13,7.281555918191703,15.96695916954945
0.7000000000000001,1.,-0.8802798999233999,-1.2415817314847999,-1.082238752000153,5.4812045981734885e-14,10.482139533535285,19.97896193770056
0.7000000000000001,1.1,-7.893006920073506,7.958078640513122e-13,-5.6274984672199935e-12,1.9638788084749734e-16,14.586728829815291,24.43854394461401
0.7000000000000001,1.2000000000000002,-5.545095641239832,5.514550593943568e-9,5.542318604057073e-9,1.7130396956745352e-14,19.77736429052942,29.3457051903867
0.7000000000000001,1.3,-5.377728716884859,2.461172243783949e-8,1.1769571983677451e-8,-1.7473842839888322e-15,26.267527471452574,34.70044567464751
0.7000000000000001,1.4000000000000001,5.1541587389173085,1.1885447293025209e-8,1.1842388403238147e-8,-1.0239090286512528e-14,34.30707207273166,40.502765398020564
0.7000000000000001,1.5,-0.9887342830158453,-3.356420417386957,-3.353213212745654,1.273472858993954e-16,44.18787928756489,46.752664359999656
0.7000000000000001,1.6,-0.9925904476745997,-3.65725256025965,-3.6556729715346634,1.9064355491171277e-15,51.38293632774545,51.38293632774525
0.7000000000000001,1.7000000000000002,-0.9950991080717477,-3.9431289715807054,-3.9423484909975883,2.4790429936014175e-15,53.715018027642394,53.71501802764214
0.7000000000000001,1.8,-0.9967456307248151,-4.2177111350328005,-4.217325193919571,-1.385792670131165e-15,55.87429459840001,55.87429459840002
0.7000000000000001,1.9000000000000001,-0.997832996565498,-4.483716713136943,-4.483526011689058,1.5579111874246601e-15,57.905423788749175,57.905423788748934
0.7000000000000001,2.,-0.9985542259703901,-4.743204070769508,-4.743110002073934,-2.777460139010413e-17,59.86239513428051,59.86239513428051
0.8,0.01,2.902377347783416e-15,-0.023762256636225897,-0.02282311111111052,-7.843578330637626e-16,-0.023762256636227115,-0.022823111111110326
0.8,0.1,3.2328742099708445e-15,-0.21398673252382913,-0.12231111111114173,-6.641479375932563e-15,-0.21398673252382905,-0.12231111111126025
0.8,0.2,-3.61118900318135e-16,-0.36500357320501736,-0.009244444444361788,-1.0490042441806908e-14,-0.36500357320492793,-0.009244444444040045
0.8,0.30000000000000004,2.298716165381096e-15,-0.4340459102031867,0.33919999999872275,1.143740690326843e-15,-0.43404591020318706,0.33919999999968287
0.8,0.4,8.12754645341959e-16,-0.3981721885362244,0.9230222222224154,8.208296407203866e-16,-0.3981721885362446,0.92302222222128
0.8,0.5,-3.913923882121499e-16,-0.2298191278190973,1.7422222222187402,1.2504054604042926e-15,-0.22981912781907,1.7422222222199713
0.8,0.6000000000000001,1.001640501037346e-15,0.10399058670047356,2.7967999999950854,-1.8300872868221182e-15,0.10399058670050954,2.7967999999997226
0.8,0.7000000000000001,1.3388961321803612e-14,0.642563922661552,4.0867555555474695,3.074806022192398e-15,0.6425639226641708,4.086755555555822
0.8,0.8,-4.94471177583293e-15,1.4325944198599494,5.612088888896556,4.155013358682909e-14,1.432594419856621,5.612088888889364
0.8,0.9,6.486267945337798,1.941714344866341e-9,9.633254194341134e-10,0.565701091431992,0.8809413639611097,2.1602197022145884
0.8,1.,-11.810522155558095,6.821210263296962e-12,-1.3642420526593924e-12,-0.8519720024466738,-1.0919277832867422,-0.9136365913847326
0.8,1.1,-5.834016060023347,2.2229187379707582e-9,2.223885076091392e-9,-3.310611053619227e-15,5.916078465783878,11.60035555555629
0.8,1.2000000000000002,-5.592776856562079,3.363197720318567e-9,3.498541900626151e-9,-1.7836704593609668e-14,8.373337102597613,14.067199999996046
0.8,1.3,-5.395808978993092,1.0596469337542658e-6,3.563096697689616e-7,-1.459553605695657e-14,11.4760381361504,16.769422222189416
0.8,1.4000000000000001,-5.143494372255361,1.4096883660386084e-8,1.4108735513218562e-8,-2.275419410775272e-14,15.348277550177517,19.70702222223008
0.8,1.5,-0.9871935886263138,-3.32545368122868,-3.322347894755559,1.3084761291734851e-14,20.135025316524448,22.880000000015837
0.8,1.6,-0.9915992154532829,-3.6343531087827188,-3.632830515984587,2.7533993206507833e-15,26.005344391998438,26.2883555554787
0.8,1.7000000000000002,-0.9944533945833864,-3.9262899391925146,-3.9255399980987136,-4.472005648082859e-15,27.69599220050781,27.695992200507312
0.8,1.8,-0.9963213872005513,-4.205426450147058,-4.205056425195451,2.8797186261537758e-15,28.76263086187333,28.762630861873657
0.8,1.9000000000000001,-0.997552600718892,-4.474851870508104,-4.4746693149519885,1.5536757331878023e-15,29.722946761185852,29.7229467611854
0.8,2.,-0.9983681299093997,-4.7369035743469965,-4.736813621335436,3.4438807628036946e-15,30.59989404367252,30.59989404367252
0.9,0.01,1.2560294894553887e-16,-0.023878213661288148,-0.023363634349030573,-1.4442914256497384e-15,-0.02387821366128793,-0.023363634349029938
0.9,0.1,5.573052967762872e-15,-0.2266744520075217,-0.1763634349030353,3.950410950948837e-15,-0.22667445200752603,-0.17636343490305081
0.9,0.2,6.114706874458457e-15,-0.42109196756514755,-0.2254537396122528,1.4454153250061064e-15,-0.4210919675651433,-0.22545373961217174
0.9,0.30000000000000004,-4.750153398513997e-15,-0.5735172503519665,-0.1472709141273243,-6.413090638330398e-15,-0.5735172503520001,-0.1472709141275017
0.9,0.4,-1.0023136018574661e-15,-0.6721982668251539,0.058185041551871874,-4.421824271705375e-15,-0.672198266825266,0.058185041551007455
0.9,0.5,-3.5868185898690306e-15,-0.7030154598807505,0.3909141274235064,-1.0457448586055185e-14,-0.7030154598805158,0.3909141274231289
0.9,0.6000000000000001,-4.665031528504178e-15,-0.6490758809185297,0.8509163434904825,3.2728417519752216e-15,-0.6490758809183683,0.8509163434911575
0.9,0.7000000000000001,-9.929437356781651e-15,-0.49024415539307364,1.43819168975087,2.4343797519016655e-14,-0.49024415539331034,1.4381916897501519
0.9,0.8,6.841129487460469,3.6433789318834897e-10,3.729070385816158e-10,-7.045922246788266e-15,-0.20260106570430114,2.1527401662053274
0.9,0.9,-1.547762575172592e-14,0.24218074859929484,2.9945617728542757,2.4314281051740167e-14,0.24218074859888628,2.994561772853319
0.9,1.,-6.152395378628533,4.2785472942341585e-9,2.058996528830903e-9,2.6202641085044484e-14,0.8775559300163263,3.963656509696709
0.9,1.1,-5.865698564514666,-2.168235369026661e-9,4.097557848581346e-10,5.979160789862509e-15,1.742933990425846,5.0600243767314375
0.9,1.2000000000000002,-5.577944766432058,4.377284312795382e-9,4.393967856231029e-9,-6.226166302107459e-15,2.8846308282425435,6.283665373963083
0.9,1.3,-0.9659769145321848,-2.5868794574126497,-2.57408943969034,8.989306977778836e-15,4.356961779675604,7.634579501381249
0.9,1.4000000000000001,-0.9783198966155154,-2.960952422018522,-2.954909132051828,-1.743726766918777e-14,6.223496213227226,9.112766759005385
0.9,1.5,-4.992014836234665,1.9779292870225618e-8,1.866294496721821e-8,-2.701376821800501e-15,8.558496399882115,10.718227146812694
0.9,1.6,-0.9908082015460526,-3.61613088787621,-3.6147074096387044,-2.264458000490962e-15,11.448566475289145,12.450960664811806
0.9,1.7000000000000002,-0.9939397652478853,-3.9128125077037055,-3.912113421543104,-6.6529835533427,-3.183231456205249e-12,2.0463630789890885e-12
0.9,1.8,-0.9959846645638376,-4.195521795040008,-4.195177552428781,2.5148648302404226e-15,14.351941792939588,14.351941792939588
0.9,1.9000000000000001,-0.9973303868380196,-4.467631243221888,-4.467461643669289,4.864433240670464e-16,14.786051973650533,14.786051973650533
0.9,2.,-0.9982208038780389,-4.731694305988469,-4.731610818037183,1.786860727427695e-15,15.141481197929176,15.141481197929178
1.,0.01,2.5233284387725437e-15,-0.02391273166556346,-0.023519999999999992,-1.1162252850898945e-14,-0.023912731665564953,-0.023519999999999996
1.,0.1,-2.9700390384161738e-15,-0.23045132326783413,-0.19199999999999065,-1.0077657025731991e-14,-0.23045132326783463,-0.1919999999999995
1.,0.2,-9.077840295892848e-15,-0.4377883206780124,-0.28799999999998926,2.981822214696173e-15,-0.4377883206779677,-0.2880000000000047
1.,0.30000000000000004,-9.613709095653895e-15,-0.6150349791228934,-0.28800000000001424,-4.8677371843579605e-15,-0.6150349791228777,-0.28799999999998493
1.,0.4,-6.416483758012501e-15,-0.7537701537980651,-0.19200000000001038,-4.865238966996169e-15,-0.7537701537980692,-0.19199999999998396
1.,0.5,1.0924834222994437e-15,-0.8438762055287683,4.440892098500626e-16,-1.1002690904689326e-14,-0.8438762055287319,0.
1.,0.6000000000000001,-2.6040867682903348e-15,-0.873248168326525,0.2879999999999563,-7.549171760686234e-15,-0.873248168326525,0.2879999999999532
1.,0.7000000000000001,-1.3169249960258126e-16,-0.8274576537654297,0.6719999999999913,1.292168040576453e-15,-0.8274576537653715,0.6720000000000397
1.,0.8,6.922656507627617,-2.9023979664088984e-7,-9.662251443387504e-8,1.7375211770082947e-14,-0.6893648881807279,1.1519999999999637
1.,0.9,-6.454465210860463,7.121343514882028e-10,7.262741519298288e-10,-2.371917008434137e-14,-0.4386713586879831,1.7280000000000215
1.,1.,-6.125806779146662,1.303078533965163e-9,1.2996679288335145e-9,-1.5732501894047434e-13,-0.051404500211489346,2.4000000000001336
1.,1.1,-5.8659961829038885,3.1394449706567684e-8,1.1656339893306722e-8,1.9000910924230568e-15,0.5006753280748013,3.1679999999999513
1.,1.2000000000000002,-0.9406738511007355,-2.1148525099665463,-2.0842027371274234,-2.7776762142691355e-14,1.2507566705918398,4.03199999999991
1.,1.3,-0.9634456535709597,-2.5515295298576035,-2.537781702138343,-2.2984359207423026e-15,2.2377602221911914,4.991999999999765
1.,1.4000000000000001,-0.9768004695589514,-2.934986477554986,-2.9285411921703464,1.9851114657821946e-14,3.5072378318533017,6.048000000000227
1.,1.5,-0.9850114889303533,-3.2817692163810364,-3.2786744399083716,1.5908361487507974e-14,5.112403552737244,7.199999999999847
1.,1.6,-0.9902044490438882,-3.6019494319596816,-3.6004436079352473,2.299488678943656e-15,7.1153152375734585,8.447999999999382
1.,1.7000000000000002,-0.9935487457355106,-3.9023316476056777,-3.9015937360449016,2.3852640758307692e-15,9.588227679245534,9.791999999998506
1.,1.8,-0.9957287717473272,-4.187794253866855,-4.187431437638423,-1.0867529525773866e-14,10.314650625027294,10.314650625027586
1.,1.9000000000000001,-0.997161718779794,-4.461954682230868,-4.461776117642103,-7.32339123297337e-15,10.609400723525667,10.609400723525667
1.,2.,-0.998109071821157,-4.727544847088666,-4.727457009646443,-1.5167237922171543e-15,10.826822658929128,10.826822658928855
